group,key,label,n,mean_rmsd,median_rmsd,p95_rmsd,paired_pc10_mean,paired_pc10_median,true_target_rank_mean,true_target_rank_median,top1_rate,top5_rate,top10_rate,top20_rate,top50_rate,top100_rate
exp50k_direct,mean_target_baseline,Mean target baseline,9722,4.898209095001221,4.630704402923584,8.315906524658203,3.018064022064209,2.8960139751434326,,,,,,,,
exp50k_direct,random_target_baseline,Random target baseline,9722,6.944602012634277,6.578358173370361,11.733787536621094,4.302769184112549,4.184762477874756,,,,,,,,
exp50k_direct,plain_512d,Direct image 512D,9722,4.523791313171387,4.240999221801758,7.753331661224365,3.001952648162842,2.8911471366882324,4252.115614071179,3968.0,0.00010285949393128986,0.0009257354453816088,0.002262908866488377,0.004731536720839333,0.011623122814235753,0.02005760131660152
exp50k_direct,unweighted_ft1_512d,512D + one-epoch fine-tune,9722,4.4748406410217285,4.188173294067383,7.733354568481445,2.93048095703125,2.7927417755126953,4230.381608722485,3899.0,0.0,0.0008228759514503189,0.0019543303846945074,0.004320098745114174,0.011725982308167043,0.02118905574984571
exp50k_direct,confweight_512d,512D + confidence weighting,9722,4.472379684448242,4.180997848510742,7.719135761260986,2.9295876026153564,2.7910075187683105,4258.532297881095,3941.0,0.0002057189878625797,0.000720016457519029,0.002262908866488377,0.004422958239045464,0.010903106356716725,0.02057189878625797
exp50k_direct,confshuffle_ft1_512d,512D + shuffled confidence,9722,4.474904537200928,4.184130668640137,7.733654022216797,2.9312031269073486,2.792053699493408,4233.524377700061,3903.0,0.0,0.0006171569635877391,0.0017486113968319275,0.004525817732976754,0.011828841802098334,0.021291915243777
exp50k_direct,pcascore002_512d,512D + PCA-score,9722,4.509390354156494,4.217261791229248,7.718343734741211,2.976283550262451,2.854127883911133,4275.06017280395,3979.0,0.0002057189878625797,0.000720016457519029,0.0018514708907632176,0.004422958239045464,0.010903106356716725,0.018926146883357333
exp50k_direct,pcalocal002_512d,512D + PCA-local,9722,4.521661281585693,4.222917556762695,7.8452959060668945,3.093611478805542,2.9733002185821533,4191.3084756223,3899.0,0.00030857848179386956,0.0012343139271754782,0.0016457519029006377,0.004217239251182884,0.011108825344579305,0.02273194815881506
exp50k_direct,bottleneck256,Direct image 256D,9722,4.903187274932861,4.634472370147705,8.336302757263184,3.0200278759002686,2.893307685852051,4861.570355893849,4861.0,0.0002057189878625797,0.0006171569635877391,0.0010285949393128986,0.0018514708907632176,0.004937255708701913,0.010285949393128985
exp100k_mixed,mean_target_baseline,Mean target baseline,19750,4.876489162445068,4.628444194793701,8.337574005126953,3.0250487327575684,2.894535779953003,,,,,,,,
exp100k_mixed,random_target_baseline,Random target baseline,19750,6.915938854217529,6.5648088455200195,11.634014129638672,4.305904388427734,4.1922607421875,,,,,,,,
exp100k_mixed,staged100k_progressive,Staged latent-to-U-Net mixed100k,19750,4.425195217132568,4.139577865600586,7.697333335876465,2.8970961570739746,2.765394687652588,8249.783949367089,7520.0,0.00040506329113924053,0.0011139240506329114,0.0014177215189873419,0.0033417721518987343,0.006886075949367089,0.011544303797468354
exp100k_mixed,direct100k_from50k,Direct image 512D mixed100k,19750,4.3579421043396,4.089977264404297,7.533943176269531,2.9168334007263184,2.7864885330200195,8459.787139240507,7888.0,0.00010126582278481013,0.0005569620253164557,0.0011645569620253164,0.0027341772151898733,0.006126582278481013,0.011037974683544304
exp100k_mixed,direct100k_rawonly_from50k,Direct image 512D raw-only trained,19750,4.366550445556641,4.0965046882629395,7.535667419433594,2.9203298091888428,2.7943925857543945,8415.049974683545,7818.0,5.0632911392405066e-05,0.0008101265822784811,0.0011645569620253164,0.002531645569620253,0.006582278481012658,0.011848101265822785
exp100k_mixed,direct100k_teacheronly_from50k,Direct image 512D teacher-only trained,19750,4.583818435668945,4.313562870025635,7.958876609802246,2.9641735553741455,2.8385109901428223,8807.482025316456,8399.0,0.0001518987341772152,0.0006075949367088608,0.0012151898734177216,0.002430379746835443,0.005316455696202532,0.010278481012658228
exp100k_raw_uncentered,mean_target_baseline,Mean target baseline,9875,4.876489162445068,4.628443717956543,8.336919784545898,3.024972438812256,2.8944647312164307,,,,,,,,
exp100k_raw_uncentered,random_target_baseline,Random target baseline,9875,6.935873508453369,6.590973854064941,11.752908706665039,4.3086676597595215,4.172828197479248,,,,,,,,
exp100k_raw_uncentered,direct100k_raw_uncentered_from50k,"Raw-particle direct image, 512-dimensional",9875,4.308765888214111,4.048515796661377,7.424122333526611,2.9087772369384766,2.785954713821411,4152.465518987342,3826.0,0.00020253164556962027,0.0015189873417721519,0.0027341772151898733,0.0054683544303797465,0.011746835443037975,0.02329113924050633
exp100k_raw_uncentered,direct100k_raw_confweight_from_rawbest,Raw-particle 512-dimensional + confidence weighting,9875,4.314737319946289,4.055861473083496,7.452585697174072,2.9114232063293457,2.78719162940979,4206.777620253165,3938.0,0.00010126582278481013,0.0012151898734177216,0.0027341772151898733,0.005164556962025317,0.011645569620253165,0.0219746835443038
exp100k_raw_uncentered,direct100k_raw_unweighted_from_rawbest,Raw-particle 512-dimensional + unweighted fine-tune,9875,4.316826343536377,4.053666591644287,7.454005718231201,2.90962290763855,2.7864789962768555,4164.333569620253,3849.0,0.00010126582278481013,0.0012151898734177216,0.0028354430379746837,0.005974683544303797,0.011341772151898735,0.02389873417721519
exp100k_raw_uncentered,direct100k_raw_bottleneck1024_from_rawbest,Raw-particle 1024-dimensional capacity control,9875,4.308351516723633,4.031528949737549,7.423153400421143,2.914621353149414,2.7891154289245605,4130.495493670886,3801.0,0.0003037974683544304,0.0014177215189873419,0.0027341772151898733,0.0056708860759493674,0.011949367088607594,0.02420253164556962
exp100k_raw_uncentered,direct100k_raw_pcarank005_rankonly_from_rawbest,Raw-particle 512-dimensional + PCA-rank objective,9875,4.3238725662231445,4.059453010559082,7.431448459625244,2.958444833755493,2.842468738555908,4091.2769620253166,3737.0,0.0005063291139240507,0.0019240506329113924,0.0028354430379746837,0.0054683544303797465,0.013772151898734177,0.025417721518987343
exp100k_raw_uncentered,direct100k_raw_from_teacheronly100k,Raw-particle 512-dimensional initialized from teacher-reconstructed pretraining,9875,4.305252552032471,4.050164222717285,7.436612606048584,2.906238079071045,2.777040958404541,4186.767392405063,3889.0,0.0,0.0014177215189873419,0.0030379746835443038,0.0056708860759493674,0.011443037974683544,0.0229873417721519
exp100k_raw_uncentered,direct100k_raw_contrastive002_from_rawbest,Raw-particle 512-dimensional + contrastive assignment objective,9875,4.3131632804870605,4.049205780029297,7.450847148895264,2.908712387084961,2.783885955810547,4165.383898734177,3862.0,0.00010126582278481013,0.0013164556962025316,0.0028354430379746837,0.005974683544303797,0.011341772151898735,0.02379746835443038
exp100k_raw_uncentered,direct100k_raw_contrastive002_retrieved_top1,Contrastive nearest retrieved surrogate coordinate,9875,5.6913886070251465,5.377413749694824,9.6118803024292,3.7548749446868896,3.6337695121765137,3806.0646075949367,3266.0,0.0,0.0027341772151898733,0.005063291139240506,0.009113924050632912,0.01782278481012658,0.03169620253164557
exp100k_raw_uncentered,direct100k_raw_contrastive002_retrieved_top5_mean,Contrastive top-five mean retrieved surrogate coordinate,9875,5.2876152992248535,5.01745080947876,8.974920272827148,3.391160488128662,3.298954725265503,3663.756253164557,3108.0,0.00010126582278481013,0.0018227848101265822,0.0032405063291139242,0.00749367088607595,0.019037974683544304,0.033924050632911394
exp100k_raw_uncentered,direct100k_raw_contrastive002_retrieved_top10_mean,Contrastive top-ten mean retrieved surrogate coordinate,9875,5.199794769287109,4.9060235023498535,8.829161643981934,3.30743145942688,3.2126433849334717,3635.616,3018.0,0.00010126582278481013,0.0016202531645569621,0.0034430379746835443,0.007291139240506329,0.018430379746835444,0.03473417721518987
exp100k_raw_uncentered,direct100k_raw_contrastive002_retrieved_top20_mean,Contrastive top-twenty mean retrieved surrogate coordinate,9875,5.122791767120361,4.826848030090332,8.774476051330566,3.234860897064209,3.1360580921173096,3611.0040506329115,3003.0,0.0003037974683544304,0.0012151898734177216,0.0029367088607594937,0.00779746835443038,0.020151898734177214,0.037670886075949366
exp100k_raw_uncentered,direct100k_raw_contrastive002_weighted_local_best,Contrastive weighted local coordinate blend,9875,4.31219482421875,4.046543598175049,7.465797424316406,2.908007860183716,2.787180185317993,4125.7602025316455,3804.0,0.00010126582278481013,0.0011139240506329114,0.0029367088607594937,0.006278481012658228,0.011645569620253165,0.02481012658227848
exp100k_raw_uncentered,direct100k_raw_retrieve_refine_k5,"Retrieve-then-refine residual model, top-five prototype",9875,4.342841148376465,4.06360387802124,7.487135410308838,2.9123501777648926,2.792731761932373,4038.155341772152,3662.0,0.0,0.0014177215189873419,0.0029367088607594937,0.005367088607594937,0.013164556962025316,0.026227848101265824
exp100k_raw_uncentered,direct100k_raw_retrieve_refine_k10,"Retrieve-then-refine residual model, top-ten prototype",9875,4.3391289710998535,4.061681747436523,7.506726264953613,2.9233274459838867,2.803568124771118,4039.835746835443,3653.0,0.00020253164556962027,0.0015189873417721519,0.0028354430379746837,0.0060759493670886075,0.014379746835443038,0.027949367088607596
exp100k_raw_uncentered,direct100k_raw_retrieve_refine_k20,"Retrieve-then-refine residual model, top-twenty prototype",9875,4.329911231994629,4.056435585021973,7.45357608795166,2.9191606044769287,2.7995104789733887,4032.6737215189873,3658.0,0.00020253164556962027,0.0014177215189873419,0.0028354430379746837,0.005772151898734177,0.014481012658227849,0.027240506329113925
