system/regime,branch,key,n,mean_rmsd,median_rmsd,p95_rmsd,target_pc3_spread_ratio,paired_pc10_mean,paired_pc10_median,median_paired_target_rank,top10_rate,top100_rate,interpretation
experimental HER2 100k mixed-source,Mean target baseline,mean_target_baseline,19750,4.8765,4.6284,8.3376,,3.0250,2.8945,,,,"Trivial coordinate baseline; useful RMSD reference, not an assignment model."
experimental HER2 100k mixed-source,Random target baseline,random_target_baseline,19750,6.9159,6.5648,11.6340,,4.3059,4.1923,,,,Random target baseline; confirms learned branches are not arbitrary target draws.
experimental HER2 100k mixed-source,Staged latent-to-U-Net mixed100k,staged100k_progressive,19750,4.4252,4.1396,7.6973,0.4402,2.8971,2.7654,7520,0.142%,1.154%,Retained staged mixed-source baseline; useful but weaker than raw direct by RMSD.
experimental HER2 100k mixed-source,Direct image 512D mixed100k,direct100k_from50k,19750,4.3579,4.0900,7.5339,0.4497,2.9168,2.7865,7888,0.116%,1.104%,Mixed-source direct branch; improves RMSD over staged but does not improve assignment enough.
experimental HER2 100k raw-particle,Mean target baseline,mean_target_baseline,9875,4.8765,4.6284,8.3369,,3.0250,2.8945,,,,"Trivial coordinate baseline; useful RMSD reference, not an assignment model."
experimental HER2 100k raw-particle,Random target baseline,random_target_baseline,9875,6.9359,6.5910,11.7529,,4.3087,4.1728,,,,Random target baseline; confirms learned branches are not arbitrary target draws.
experimental HER2 100k raw-particle,"Raw-particle direct image, 512-dimensional",direct100k_raw_uncentered_from50k,9875,4.3088,4.0485,7.4241,0.4818,2.9088,2.7860,3826,0.273%,2.329%,Retained strongest raw-particle direct RMSD baseline; assignment remains weak.
experimental HER2 100k raw-particle,Raw-particle 1024-dimensional capacity control,direct100k_raw_bottleneck1024_from_rawbest,9875,4.3084,4.0315,7.4232,0.5172,2.9146,2.7891,3801,0.273%,2.420%,"Capacity control; median rank/top100 move slightly, but RMSD/PC10 do not justify promotion."
experimental HER2 100k raw-particle,Raw-particle 512-dimensional + confidence weighting,direct100k_raw_confweight_from_rawbest,9875,4.3147,4.0559,7.4526,0.4636,2.9114,2.7872,3938,0.273%,2.197%,Raw confidence fine-tune; does not beat retained raw baseline.
experimental HER2 100k raw-particle,Raw-particle 512-dimensional + unweighted fine-tune,direct100k_raw_unweighted_from_rawbest,9875,4.3168,4.0537,7.4540,0.4800,2.9096,2.7865,3849,0.284%,2.390%,Raw unweighted fine-tune control; no meaningful promotion over baseline.
experimental HER2 100k raw-particle,Raw-particle 512-dimensional + PCA-rank objective,direct100k_raw_pcarank005_rankonly_from_rawbest,9875,4.3239,4.0595,7.4314,,2.9584,2.8425,3737,0.284%,2.542%,Rank objective improves rank/top100 slightly but worsens RMSD and PC10.
experimental HER2 100k raw-particle,Raw-particle 512-dimensional initialized from teacher-reconstructed pretraining,direct100k_raw_from_teacheronly100k,9875,4.3053,4.0502,7.4366,,2.9062,2.7770,3889,0.304%,2.299%,"Teacher-pretrained raw fine-tune; weak mixed result, not clean assignment improvement."
experimental HER2 100k raw-particle,Raw-particle 512-dimensional + contrastive assignment objective,direct100k_raw_contrastive002_from_rawbest,9875,4.3132,4.0492,7.4508,,2.9087,2.7839,3862,0.284%,2.380%,Contrastive coordinate output; assignment remains weak without RMSD gain.
experimental HER2 100k raw-particle,Raw 512D initialized from synthetic HER2 direct pretraining,direct100k_raw_synthHER2_pretrain512_epoch5,9875,4.6313,4.3850,7.8916,0.2926,2.9790,2.8509,4430,0.162%,1.468%,Synthetic HER2 direct pretraining transfer control; worsens RMSD and assignment metrics.
experimental HER2 100k raw-particle,Contrastive nearest retrieved surrogate coordinate,direct100k_raw_contrastive002_retrieved_top1,9875,5.6914,5.3774,9.6119,,3.7549,3.6338,3266,0.506%,3.170%,Retrieval improves rank/top100 but damages coordinate RMSD.
experimental HER2 100k raw-particle,Contrastive top-five mean retrieved surrogate coordinate,direct100k_raw_contrastive002_retrieved_top5_mean,9875,5.2876,5.0175,8.9749,,3.3912,3.2990,3108,0.324%,3.392%,Retrieval averaging improves rank/top100 but remains high RMSD.
experimental HER2 100k raw-particle,Contrastive top-ten mean retrieved surrogate coordinate,direct100k_raw_contrastive002_retrieved_top10_mean,9875,5.1998,4.9060,8.8292,,3.3074,3.2126,3018,0.344%,3.473%,Retrieval averaging improves rank/top100 but remains high RMSD.
experimental HER2 100k raw-particle,Contrastive top-twenty mean retrieved surrogate coordinate,direct100k_raw_contrastive002_retrieved_top20_mean,9875,5.1228,4.8268,8.7745,,3.2349,3.1361,3003,0.294%,3.767%,"Best retrieval-style top100, but RMSD is much worse than baseline."
experimental HER2 100k raw-particle,Contrastive weighted local coordinate blend,direct100k_raw_contrastive002_weighted_local_best,9875,4.3122,4.0465,7.4658,,2.9080,2.7872,3804,0.294%,2.481%,Weighted local blend preserves RMSD better than retrieval but still does not beat baseline.
experimental HER2 100k raw-particle,"Retrieve-then-refine residual model, top-five prototype",direct100k_raw_retrieve_refine_k5,9875,4.3428,4.0636,7.4871,,2.9124,2.7927,3662,0.294%,2.623%,Retrieve-then-refine improves rank/top100 modestly but worsens RMSD.
experimental HER2 100k raw-particle,"Retrieve-then-refine residual model, top-ten prototype",direct100k_raw_retrieve_refine_k10,9875,4.3391,4.0617,7.5067,,2.9233,2.8036,3653,0.284%,2.795%,Retrieve-then-refine improves rank/top100 modestly but worsens RMSD.
experimental HER2 100k raw-particle,"Retrieve-then-refine residual model, top-twenty prototype",direct100k_raw_retrieve_refine_k20,9875,4.3299,4.0564,7.4536,,2.9192,2.7995,3658,0.284%,2.724%,Retrieve-then-refine improves rank/top100 modestly but worsens RMSD.
experimental HER2 50k direct ablations,Mean target baseline,mean_target_baseline,9722,4.8982,4.6307,8.3159,,3.0181,2.8960,,,,"Trivial coordinate baseline; useful RMSD reference, not an assignment model."
experimental HER2 50k direct ablations,Random target baseline,random_target_baseline,9722,6.9446,6.5784,11.7338,,4.3028,4.1848,,,,Random target baseline; confirms learned branches are not arbitrary target draws.
experimental HER2 50k direct ablations,Direct image 512D,plain_512d,9722,4.5238,4.2410,7.7533,0.3944,3.0020,2.8911,3968,0.226%,2.006%,50k plain direct baseline; useful ablation context.
experimental HER2 50k direct ablations,512D + one-epoch fine-tune,unweighted_ft1_512d,9722,4.4748,4.1882,7.7334,0.4430,2.9305,2.7927,3899,0.195%,2.119%,50k one-epoch fine-tune control; recovers most confidence-weighting gain.
experimental HER2 50k direct ablations,512D + confidence weighting,confweight_512d,9722,4.4724,4.1810,7.7191,0.4240,2.9296,2.7910,3941,0.226%,2.057%,"50k confidence weighting; small controlled signal, not a breakthrough."
experimental HER2 50k direct ablations,512D + shuffled confidence,confshuffle_ft1_512d,9722,4.4749,4.1841,7.7337,,2.9312,2.7921,3903,0.175%,2.129%,50k shuffled-confidence control; similar to unweighted fine-tune.
experimental HER2 50k direct ablations,512D + PCA-score,pcascore002_512d,9722,4.5094,4.2173,7.7183,0.3794,2.9763,2.8541,3979,0.185%,1.893%,50k PCA-score control; small RMSD gain only.
experimental HER2 50k direct ablations,512D + PCA-local,pcalocal002_512d,9722,4.5217,4.2229,7.8453,0.4765,3.0936,2.9733,3899,0.165%,2.273%,50k PCA-local control; spread can increase without assignment success.
experimental HER2 50k direct ablations,Direct image 256D,bottleneck256,9722,4.9032,4.6345,8.3363,0.0241,3.0200,2.8933,4861,0.103%,1.029%,50k bottleneck negative control; RMSD and spread show collapse risk.
